X,Y,OBJECTID,PULL_DATE,SITE,HABITAT_TY,NET_HRS,TILAPIA,OTHER,CORVINA,SARGO,CROAKER,COMMENTS,UTM_E,UTM_N,REPORT
-12906353.25,3964286.935,1,2008/04/03 00:00:00+00,North Shore,Near-shore,24.25,1453,0,0,0,0, ,598465,3709237, 
-12918978.94,3962128.962,2,2008/04/03 00:00:00+00,Whitewater River,Estuarine,24,886,0,0,0,0, ,587948,3707343, 
-12895737.45,3952891.324,3,2008/04/11 00:00:00+00,Bat Caves,Near-shore,23.5,610,0,0,0,0, ,607427,3699864, 
-12917367.53,3952583.188,4,2008/04/15 00:00:00+00,Desert Shores,Near-shore,24,262,0,0,0,0, ,589366,3699424, 
-12908343.52,3941190.322,5,2008/04/16 00:00:00+00,The Dome,Near-shore,24.25,778,0,0,0,0, ,596997,3690022, 
-12886715.16,3942739.984,6,2008/04/18 00:00:00+00,The Cliffs,Near-shore,24,524,0,0,0,0, ,615062,3691509, 
-12879300.21,3913176.135,7,2008/04/22 00:00:00+00,New River,Estuarine,23,241,0,0,0,0, ,621567,3666958, 
-12894448.64,3919637.7,8,2008/04/25 00:00:00+00,Test Base,Near-shore,22.75,756,0,0,0,0, ,608813,3672196, 
-12898906.83,3931692.064,9,2008/05/02 00:00:00+00,So. Salton City,Near-shore,23.25,417,0,0,0,0, ,604971,3682198, 
-12870915.73,3923476.296,10,2008/05/06 00:00:00+00,Alamo River,Estuarine,24.75,219,0,0,0,0, ,628480,3675635, 
-12870894.03,3935316.505,11,2008/05/06 00:00:00+00,No.Wister,Near-shore,24.5,592,0,0,0,0, ,628368,3685497, 
-12917367.53,3952583.188,12,2008/07/08 00:00:00+00,Desert Shores,Near-shore,23.75,683,0,0,0,0, ,589366,3699424, 
-12918978.94,3962128.962,13,2008/07/09 00:00:00+00,Whitewater River,Estuarine,23.75,565,0,0,0,0, ,587948,3707343, 
-12906353.25,3964286.935,14,2008/07/10 00:00:00+00,North Shore,Near-shore,24.25,735,2 Mollies,0,0,0, ,598465,3709237, 
-12895737.45,3952891.324,15,2008/07/16 00:00:00+00,Bat Caves,Near-shore,24.25,876,0,0,0,0, ,607427,3699864, 
-12886715.16,3942739.984,16,2008/07/17 00:00:00+00,The Cliffs,Near-shore,24.25,1060,0,0,0,0, ,615062,3691509, 
-12870915.73,3923476.296,17,2008/07/18 00:00:00+00,Alamo River,Estuarine,24.25,570,0,0,0,0, ,628480,3675635, 
-12870894.03,3935316.505,18,2008/07/18 00:00:00+00,No.Wister,Near-shore,24.25,630,0,0,0,0, ,628368,3685497, 
-12908343.52,3941190.322,19,2008/07/22 00:00:00+00,The Dome,Near-shore,24.25,648,0,0,0,0, ,596997,3690022, 
-12898906.83,3931692.064,20,2008/07/23 00:00:00+00,So. Salton City,Near-shore,24,723,0,0,0,0, ,604971,3682198, 
-12879300.21,3913176.135,21,2008/08/01 00:00:00+00,New River,Estuarine,24,371,0,0,0,0, ,621567,3666958, 
-12894448.64,3919637.7,22,2008/08/01 00:00:00+00,Test Base,Near-shore,24,781,0,0,0,0, ,608813,3672196, 
-12870915.73,3923476.296,23,2003/04/08 00:00:00+00,Alamo River 1,Estuarine,23,0,1 Mullet,1,0,1, ,628480,3675635,http://www.nrm.dfg.ca.gov/FileHandler.ashx?DocumentID=6341
-12870915.73,3923476.296,24,2003/04/08 00:00:00+00,Alamo River 2,Estuarine,23,0,0,1,0,8, ,628480,3675635,http://www.nrm.dfg.ca.gov/FileHandler.ashx?DocumentID=6341
-12918978.94,3962128.962,25,2003/04/10 00:00:00+00,Whitewater River 1,Estuarine,24,1,0,1,0,3, ,587948,3707343,http://www.nrm.dfg.ca.gov/FileHandler.ashx?DocumentID=6341
-12918978.94,3962128.962,26,2003/04/10 00:00:00+00,Whitewater River 2,Estuarine,24.25,0,0,0,0,10, ,587948,3707343,http://www.nrm.dfg.ca.gov/FileHandler.ashx?DocumentID=6341
-12906353.25,3964286.935,27,2003/04/10 00:00:00+00,North Shore 1,Near-shore,24.25,0,1 Grebe,2,0,11, ,598465,3709237,http://www.nrm.dfg.ca.gov/FileHandler.ashx?DocumentID=6341
-12906353.25,3964286.935,28,2003/04/10 00:00:00+00,North Shore 2,Near-shore,24.5,0,0,5,0,9, ,598465,3709237,http://www.nrm.dfg.ca.gov/FileHandler.ashx?DocumentID=6341
-12879300.21,3913176.135,29,2003/04/25 00:00:00+00,New River 1,Estuarine,24,0,0,0,0,6, ,621567,3666958,http://www.nrm.dfg.ca.gov/FileHandler.ashx?DocumentID=6341
-12879300.21,3913176.135,30,2003/04/25 00:00:00+00,New River 2,Estuarine,23.5,0,0,0,0,5, ,621567,3666958,http://www.nrm.dfg.ca.gov/FileHandler.ashx?DocumentID=6341
-12870894.03,3935316.505,31,2003/04/25 00:00:00+00,North Wister 1,Near-shore,24.25,0,0,1,0,54, ,628368,3685497,http://www.nrm.dfg.ca.gov/FileHandler.ashx?DocumentID=6341
-12870894.03,3935316.505,32,2003/04/25 00:00:00+00,North Wister 2,Near-shore,24.75,0,0,3,0,28, ,628368,3685497,http://www.nrm.dfg.ca.gov/FileHandler.ashx?DocumentID=6341
-12917367.53,3952583.188,33,2003/05/13 00:00:00+00,North Desert Shores 1,Near-shore,23.25,0,0,1,0,11, ,589366,3699424,http://www.nrm.dfg.ca.gov/FileHandler.ashx?DocumentID=6341
-12917367.53,3952583.188,34,2003/05/13 00:00:00+00,North Desert Shores 2,Near-shore,23.5,0,0,0,0,10, ,589366,3699424,http://www.nrm.dfg.ca.gov/FileHandler.ashx?DocumentID=6341
-12908343.52,3941190.322,35,2003/05/13 00:00:00+00,The Dome 1,Near-shore,23.25,0,0,0,0,17, ,596997,3690022,http://www.nrm.dfg.ca.gov/FileHandler.ashx?DocumentID=6341
-12908343.52,3941190.322,36,2003/05/13 00:00:00+00,The Dome 2,Near-shore,23.5,0,0,4,0,7, ,596997,3690022,http://www.nrm.dfg.ca.gov/FileHandler.ashx?DocumentID=6341
-12895737.45,3952891.324,37,2003/05/29 00:00:00+00,Bat Caves 1,Near-shore,23,0,0,0,0,0, ,607427,3699864,http://www.nrm.dfg.ca.gov/FileHandler.ashx?DocumentID=6341
-12895737.45,3952891.324,38,2003/05/29 00:00:00+00,Bat Caves 2,Near-shore,23,0,0,0,0,0, ,607427,3699864,http://www.nrm.dfg.ca.gov/FileHandler.ashx?DocumentID=6341
-12898906.83,3931692.064,39,2003/06/04 00:00:00+00,South Salton City 1,Near-shore,23.25,0,0,0,0,0, ,604971,3682198,http://www.nrm.dfg.ca.gov/FileHandler.ashx?DocumentID=6341
-12898906.83,3931692.064,40,2003/06/04 00:00:00+00,South Salton City 2,Near-shore,23,0,0,0,0,0, ,604971,3682198,http://www.nrm.dfg.ca.gov/FileHandler.ashx?DocumentID=6341
-12894448.64,3919637.7,41,2003/06/04 00:00:00+00,Test Base 1,Near-shore,23.25,0,0,0,0,0, ,608813,3672196,http://www.nrm.dfg.ca.gov/FileHandler.ashx?DocumentID=6341
-12894448.64,3919637.7,42,2003/06/04 00:00:00+00,Test Base 2,Near-shore,23,0,0,0,0,0, ,608813,3672196,http://www.nrm.dfg.ca.gov/FileHandler.ashx?DocumentID=6341
-12886715.16,3942739.984,43,2003/06/13 00:00:00+00,The Cliffs 1,Near-shore,23.5,0,0,0,0,0,J Crayon: The second net was lost during this set.,615062,3691509,http://www.nrm.dfg.ca.gov/FileHandler.ashx?DocumentID=6341
-12909216.36,3954663.051,44,2003/07/16 00:00:00+00,North Basin (bottom) 1,Pelagic,23.25,0,0,0,0,0,"See ""Changes to Protocol After Year One"" in the abstract of the metadata.",596156,3701218,http://www.nrm.dfg.ca.gov/FileHandler.ashx?DocumentID=6346
-12909216.36,3954663.051,45,2003/07/16 00:00:00+00,North Basin (surface) 1,Pelagic,23,0,0,0,0,0, ,596156,3701218,http://www.nrm.dfg.ca.gov/FileHandler.ashx?DocumentID=6346
-12909216.36,3954663.051,46,2003/07/16 00:00:00+00,North Basin (bottom) 2,Pelagic,23.25,0,0,0,0,0, ,596156,3701218,http://www.nrm.dfg.ca.gov/FileHandler.ashx?DocumentID=6346
-12909216.36,3954663.051,47,2003/07/16 00:00:00+00,North Basin (surface) 2,Pelagic,23,0,0,0,0,0, ,596156,3701218,http://www.nrm.dfg.ca.gov/FileHandler.ashx?DocumentID=6346
-12879300.21,3913176.135,48,2003/07/18 00:00:00+00,New River 1,Estuarine,22.5,3,0,0,0,0, ,621567,3666958,http://www.nrm.dfg.ca.gov/FileHandler.ashx?DocumentID=6346
-12879300.21,3913176.135,49,2003/07/18 00:00:00+00,New River 2,Estuarine,22.75,5,0,0,0,0, ,621567,3666958,http://www.nrm.dfg.ca.gov/FileHandler.ashx?DocumentID=6346
-12918978.94,3962128.962,50,2003/07/22 00:00:00+00,Whitewater River 1,Estuarine,23.25,1,0,0,0,0, ,587948,3707343,http://www.nrm.dfg.ca.gov/FileHandler.ashx?DocumentID=6346
-12918978.94,3962128.962,51,2003/07/22 00:00:00+00,Whitewater River 2,Estuarine,23.25,1,0,0,0,0, ,587948,3707343,http://www.nrm.dfg.ca.gov/FileHandler.ashx?DocumentID=6346
-12906353.25,3964286.935,52,2003/07/22 00:00:00+00,North Shore 1,Near-shore,23.25,26,0,0,0,0, ,598465,3709237,http://www.nrm.dfg.ca.gov/FileHandler.ashx?DocumentID=6346
-12906353.25,3964286.935,53,2003/07/22 00:00:00+00,North Shore 2,Near-shore,23.5,73,0,0,0,0, ,598465,3709237,http://www.nrm.dfg.ca.gov/FileHandler.ashx?DocumentID=6346
-12895737.45,3952891.324,54,2003/07/24 00:00:00+00,Bat Caves 1,Near-shore,23.5,51,0,0,0,0, ,607427,3699864,http://www.nrm.dfg.ca.gov/FileHandler.ashx?DocumentID=6346
-12895737.45,3952891.324,55,2003/07/24 00:00:00+00,Bat Caves 2,Near-shore,23.5,63,0,0,0,0, ,607427,3699864,http://www.nrm.dfg.ca.gov/FileHandler.ashx?DocumentID=6346
-12886715.16,3942739.984,56,2003/07/24 00:00:00+00,The Cliffs 1,Near-shore,24.25,3,0,0,0,0, ,615062,3691509,http://www.nrm.dfg.ca.gov/FileHandler.ashx?DocumentID=6346
-12886715.16,3942739.984,57,2003/07/24 00:00:00+00,The Cliffs 2,Near-shore,23.75,0,0,0,0,0, ,615062,3691509,http://www.nrm.dfg.ca.gov/FileHandler.ashx?DocumentID=6346
-12870915.73,3923476.296,58,2003/08/01 00:00:00+00,Alamo River 1,Estuarine,23.75,11,0,0,0,0, ,628480,3675635,http://www.nrm.dfg.ca.gov/FileHandler.ashx?DocumentID=6346
-12870915.73,3923476.296,59,2003/08/01 00:00:00+00,Alamo River 2,Estuarine,24,5,2 Shad,0,0,0, ,628480,3675635,http://www.nrm.dfg.ca.gov/FileHandler.ashx?DocumentID=6346
-12870894.03,3935316.505,60,2003/08/01 00:00:00+00,North Wister 1,Near-shore,23.75,8,0,0,0,0, ,628368,3685497,http://www.nrm.dfg.ca.gov/FileHandler.ashx?DocumentID=6346
-12870894.03,3935316.505,61,2003/08/01 00:00:00+00,North Wister 2,Near-shore,23.5,14,0,0,0,0, ,628368,3685497,http://www.nrm.dfg.ca.gov/FileHandler.ashx?DocumentID=6346
-12917367.53,3952583.188,62,2003/08/07 00:00:00+00,North Desert Shores 1,Near-shore,23.5,49,0,0,0,0, ,589366,3699424,http://www.nrm.dfg.ca.gov/FileHandler.ashx?DocumentID=6346
-12917367.53,3952583.188,63,2003/08/07 00:00:00+00,North Desert Shores 2,Near-shore,23.75,68,0,0,0,0, ,589366,3699424,http://www.nrm.dfg.ca.gov/FileHandler.ashx?DocumentID=6346
-12908343.52,3941190.322,64,2003/08/07 00:00:00+00,The Dome 1,Near-shore,21.25,49,0,0,0,0, ,596997,3690022,http://www.nrm.dfg.ca.gov/FileHandler.ashx?DocumentID=6346
-12908343.52,3941190.322,65,2003/08/07 00:00:00+00,The Dome 2,Near-shore,21.5,48,0,0,0,0, ,596997,3690022,http://www.nrm.dfg.ca.gov/FileHandler.ashx?DocumentID=6346
-12883058.22,3927305.882,66,2003/08/12 00:00:00+00,South Basin (bottom) 1,Pelagic,21.5,0,0,0,0,0, ,618275,3678697,http://www.nrm.dfg.ca.gov/FileHandler.ashx?DocumentID=6346
-12883058.22,3927305.882,67,2003/08/12 00:00:00+00,South Basin (surface) 1,Pelagic,22.25,0,0,0,0,0, ,618275,3678697,http://www.nrm.dfg.ca.gov/FileHandler.ashx?DocumentID=6346
-12883058.22,3927305.882,68,2003/08/12 00:00:00+00,South Basin (bottom) 2,Pelagic,21.25,0,0,0,0,0, ,618275,3678697,http://www.nrm.dfg.ca.gov/FileHandler.ashx?DocumentID=6346
-12883058.22,3927305.882,69,2003/08/12 00:00:00+00,South Basin (surface) 2,Pelagic,22.5,0,0,0,0,0, ,618275,3678697,http://www.nrm.dfg.ca.gov/FileHandler.ashx?DocumentID=6346
-12896581.33,3940381.104,70,2003/08/14 00:00:00+00,Inter Basin (bottom) 1,Pelagic,23.5,0,0,0,0,0, ,606837,3689452,http://www.nrm.dfg.ca.gov/FileHandler.ashx?DocumentID=6346
-12896581.33,3940381.104,71,2003/08/14 00:00:00+00,Inter Basin (surface) 1,Pelagic,24,0,0,0,0,0, ,606837,3689452,http://www.nrm.dfg.ca.gov/FileHandler.ashx?DocumentID=6346
-12896581.33,3940381.104,72,2003/08/14 00:00:00+00,Inter Basin (bottom) 2,Pelagic,23.5,0,0,0,0,0, ,606837,3689452,http://www.nrm.dfg.ca.gov/FileHandler.ashx?DocumentID=6346
-12896581.33,3940381.104,73,2003/08/14 00:00:00+00,Inter Basin (surface) 2,Pelagic,24,0,0,0,0,0, ,606837,3689452,http://www.nrm.dfg.ca.gov/FileHandler.ashx?DocumentID=6346
-12898906.83,3931692.064,74,2003/08/19 00:00:00+00,South Salton City 1,Near-shore,24,45,0,0,0,0, ,604971,3682198,http://www.nrm.dfg.ca.gov/FileHandler.ashx?DocumentID=6346
-12898906.83,3931692.064,75,2003/08/19 00:00:00+00,South Salton City 2,Near-shore,24,80,0,0,0,0, ,604971,3682198,http://www.nrm.dfg.ca.gov/FileHandler.ashx?DocumentID=6346
-12894448.64,3919637.7,76,2003/08/19 00:00:00+00,Test Base 1,Near-shore,24,43,0,0,0,0, ,608813,3672196,http://www.nrm.dfg.ca.gov/FileHandler.ashx?DocumentID=6346
-12894448.64,3919637.7,77,2003/08/19 00:00:00+00,Test Base 2,Near-shore,2,40,0,0,0,0, ,608813,3672196,http://www.nrm.dfg.ca.gov/FileHandler.ashx?DocumentID=6346
-12870915.73,3923476.296,78,2003/10/02 00:00:00+00,Alamo River 1,Estuarine,22.75,1,0,0,0,0, ,628480,3675635,http://www.nrm.dfg.ca.gov/FileHandler.ashx?DocumentID=6336
-12870915.73,3923476.296,79,2003/10/02 00:00:00+00,Alamo River 2,Estuarine,22.75,3,1 Shad,0,0,0, ,628480,3675635,http://www.nrm.dfg.ca.gov/FileHandler.ashx?DocumentID=6336
-12870894.03,3935316.505,80,2003/10/02 00:00:00+00,North Wister 1,Near-shore,23,1,0,0,0,0, ,628368,3685497,http://www.nrm.dfg.ca.gov/FileHandler.ashx?DocumentID=6336
-12870894.03,3935316.505,81,2003/10/02 00:00:00+00,North Wister 2,Near-shore,23,1,0,0,0,0, ,628368,3685497,http://www.nrm.dfg.ca.gov/FileHandler.ashx?DocumentID=6336
-12918978.94,3962128.962,82,2003/10/07 00:00:00+00,Whitewater River 1,Estuarine,23.25,0,0,0,0,0, ,587948,3707343,http://www.nrm.dfg.ca.gov/FileHandler.ashx?DocumentID=6336
-12918978.94,3962128.962,83,2003/10/07 00:00:00+00,Whitewater River 2,Estuarine,23,1,0,0,0,0, ,587948,3707343,http://www.nrm.dfg.ca.gov/FileHandler.ashx?DocumentID=6336
-12906353.25,3964286.935,84,2003/10/07 00:00:00+00,North Shore 1,Near-shore,23,6,0,0,0,0, ,598465,3709237,http://www.nrm.dfg.ca.gov/FileHandler.ashx?DocumentID=6336
-12906353.25,3964286.935,85,2003/10/07 00:00:00+00,North Shore 2,Near-shore,23,8,0,0,0,0, ,598465,3709237,http://www.nrm.dfg.ca.gov/FileHandler.ashx?DocumentID=6336
-12879300.21,3913176.135,86,2003/10/09 00:00:00+00,New River 1,Estuarine,23.75,0,0,0,0,0, ,621567,3666958,http://www.nrm.dfg.ca.gov/FileHandler.ashx?DocumentID=6336
-12879300.21,3913176.135,87,2003/10/09 00:00:00+00,New River 2,Estuarine,23.5,4,0,0,0,0, ,621567,3666958,http://www.nrm.dfg.ca.gov/FileHandler.ashx?DocumentID=6336
-12883058.22,3927305.882,88,2003/10/09 00:00:00+00,South Basin (bottom) 1,Pelagic,23.5,0,0,0,0,0, ,618275,3678697,http://www.nrm.dfg.ca.gov/FileHandler.ashx?DocumentID=6336
-12883058.22,3927305.882,89,2003/10/09 00:00:00+00,South Basin (bottom) 2,Pelagic,23.25,0,0,0,0,0, ,618275,3678697,http://www.nrm.dfg.ca.gov/FileHandler.ashx?DocumentID=6336
-12883058.22,3927305.882,90,2003/10/09 00:00:00+00,South Basin (surface) 1,Pelagic,23.25,0,0,0,0,0,"See ""Changes to Protocol After Year One"" in the abstract of the metadata.",618275,3678697,http://www.nrm.dfg.ca.gov/FileHandler.ashx?DocumentID=6336
-12883058.22,3927305.882,91,2003/10/09 00:00:00+00,South Basin (surface) 2,Pelagic,23,0,0,0,0,0, ,618275,3678697,http://www.nrm.dfg.ca.gov/FileHandler.ashx?DocumentID=6336
-12886715.16,3942739.984,92,2003/10/15 00:00:00+00,The Cliffs 1,Near-shore,23.75,5,0,0,0,0, ,615062,3691509,http://www.nrm.dfg.ca.gov/FileHandler.ashx?DocumentID=6336
-12886715.16,3942739.984,93,2003/10/15 00:00:00+00,The Cliffs 2,Near-shore,24,14,0,0,0,0, ,615062,3691509,http://www.nrm.dfg.ca.gov/FileHandler.ashx?DocumentID=6336
-12896581.33,3940381.104,94,2003/10/15 00:00:00+00,Inter Basin (bottom) 1,Pelagic,24.25,0,0,0,0,0, ,606837,3689452,http://www.nrm.dfg.ca.gov/FileHandler.ashx?DocumentID=6336
-12896581.33,3940381.104,95,2003/10/15 00:00:00+00,Inter Basin (bottom) 2,Pelagic,24.25,0,0,0,0,0, ,606837,3689452,http://www.nrm.dfg.ca.gov/FileHandler.ashx?DocumentID=6336
-12896581.33,3940381.104,96,2003/10/15 00:00:00+00,Inter Basin (surface) 1,Pelagic,23.5,0,0,0,0,0, ,606837,3689452,http://www.nrm.dfg.ca.gov/FileHandler.ashx?DocumentID=6336
-12896581.33,3940381.104,97,2003/10/15 00:00:00+00,Inter Basin (surface) 2,Pelagic,23.5,0,0,0,0,0, ,606837,3689452,http://www.nrm.dfg.ca.gov/FileHandler.ashx?DocumentID=6336
-12895737.45,3952891.324,98,2003/10/17 00:00:00+00,Bat Caves 1,Near-shore,23.75,5,0,0,0,0, ,607427,3699864,http://www.nrm.dfg.ca.gov/FileHandler.ashx?DocumentID=6336
-12895737.45,3952891.324,99,2003/10/17 00:00:00+00,Bat Caves 2,Near-shore,23.75,3,0,0,0,0, ,607427,3699864,http://www.nrm.dfg.ca.gov/FileHandler.ashx?DocumentID=6336
-12909216.36,3954663.051,100,2003/10/17 00:00:00+00,North Basin (bottom) 1,Pelagic,24,0,0,0,0,0, ,596156,3701218,http://www.nrm.dfg.ca.gov/FileHandler.ashx?DocumentID=6336
-12909216.36,3954663.051,101,2003/10/17 00:00:00+00,North Basin (bottom) 2,Pelagic,24,0,0,0,0,0, ,596156,3701218,http://www.nrm.dfg.ca.gov/FileHandler.ashx?DocumentID=6336
-12909216.36,3954663.051,102,2003/10/17 00:00:00+00,North Basin (surface) 1,Pelagic,24,0,0,0,0,0, ,596156,3701218,http://www.nrm.dfg.ca.gov/FileHandler.ashx?DocumentID=6336
-12909216.36,3954663.051,103,2003/10/17 00:00:00+00,North Basin (surface) 2,Pelagic,24,0,0,0,0,0, ,596156,3701218,http://www.nrm.dfg.ca.gov/FileHandler.ashx?DocumentID=6336
-12917367.53,3952583.188,104,2003/10/22 00:00:00+00,North Desert Shores 1,Near-shore,22.75,0,0,0,0,0, ,589366,3699424,http://www.nrm.dfg.ca.gov/FileHandler.ashx?DocumentID=6336
-12917367.53,3952583.188,105,2003/10/22 00:00:00+00,North Desert Shores 2,Near-shore,22.75,0,0,0,0,0, ,589366,3699424,http://www.nrm.dfg.ca.gov/FileHandler.ashx?DocumentID=6336
-12908343.52,3941190.322,106,2003/10/22 00:00:00+00,The Dome 1,Near-shore,22.75,0,0,0,0,0, ,596997,3690022,http://www.nrm.dfg.ca.gov/FileHandler.ashx?DocumentID=6336
-12908343.52,3941190.322,107,2003/10/22 00:00:00+00,The Dome 2,Near-shore,22.75,17,0,0,0,0, ,596997,3690022,http://www.nrm.dfg.ca.gov/FileHandler.ashx?DocumentID=6336
-12898906.83,3931692.064,108,2003/10/29 00:00:00+00,South Salton City 1,Near-shore,24,4,0,0,0,0, ,604971,3682198,http://www.nrm.dfg.ca.gov/FileHandler.ashx?DocumentID=6336
-12898906.83,3931692.064,109,2003/10/29 00:00:00+00,South Salton City 2,Near-shore,23.75,1,0,0,0,0, ,604971,3682198,http://www.nrm.dfg.ca.gov/FileHandler.ashx?DocumentID=6336
-12894448.64,3919637.7,110,2003/10/29 00:00:00+00,Test Base 1,Near-shore,22.25,13,0,0,0,0, ,608813,3672196,http://www.nrm.dfg.ca.gov/FileHandler.ashx?DocumentID=6336
-12894448.64,3919637.7,111,2003/10/29 00:00:00+00,Test Base 2,Near-shore,22.25,23,0,0,0,0, ,608813,3672196,http://www.nrm.dfg.ca.gov/FileHandler.ashx?DocumentID=6336
-12870915.73,3923476.296,112,2004/01/27 00:00:00+00,Alamo River 1,Estuarine,24.75,0,0,0,0,0, ,628480,3675635,http://www.nrm.dfg.ca.gov/FileHandler.ashx?DocumentID=6351
-12870915.73,3923476.296,113,2004/01/27 00:00:00+00,Alamo River 2,Estuarine,24.75,0,0,0,0,0, ,628480,3675635,http://www.nrm.dfg.ca.gov/FileHandler.ashx?DocumentID=6351
-12870894.03,3935316.505,114,2004/01/27 00:00:00+00,North Wister 1,Near-shore,24.5,0,0,0,0,0, ,628368,3685497,http://www.nrm.dfg.ca.gov/FileHandler.ashx?DocumentID=6351
-12870894.03,3935316.505,115,2004/01/27 00:00:00+00,North Wister 2,Near-shore,24.5,0,0,0,0,0, ,628368,3685497,http://www.nrm.dfg.ca.gov/FileHandler.ashx?DocumentID=6351
-12906353.25,3964286.935,116,2004/01/29 00:00:00+00,North Shore 1,Near-shore,23.25,1,0,0,0,0, ,598465,3709237,http://www.nrm.dfg.ca.gov/FileHandler.ashx?DocumentID=6351
-12906353.25,3964286.935,117,2004/01/29 00:00:00+00,North Shore 2,Near-shore,23.25,2,0,0,0,0, ,598465,3709237,http://www.nrm.dfg.ca.gov/FileHandler.ashx?DocumentID=6351
-12886715.16,3942739.984,118,2004/01/29 00:00:00+00,The Cliffs 1,Near-shore,24,0,0,0,0,0, ,615062,3691509,http://www.nrm.dfg.ca.gov/FileHandler.ashx?DocumentID=6351
-12886715.16,3942739.984,119,2004/01/29 00:00:00+00,The Cliffs 2,Near-shore,24,0,0,0,0,0, ,615062,3691509,http://www.nrm.dfg.ca.gov/FileHandler.ashx?DocumentID=6351
-12895737.45,3952891.324,120,2004/01/30 00:00:00+00,Bat Caves 1,Near-shore,23.25,1,0,0,0,0, ,607427,3699864,http://www.nrm.dfg.ca.gov/FileHandler.ashx?DocumentID=6351
-12895737.45,3952891.324,121,2004/01/30 00:00:00+00,Bat Caves 2,Near-shore,23.25,1,0,0,0,0, ,607427,3699864,http://www.nrm.dfg.ca.gov/FileHandler.ashx?DocumentID=6351
-12898906.83,3931692.064,122,2004/02/06 00:00:00+00,South Salton City 1,Near-shore,22.25,0,0,0,0,0, ,604971,3682198,http://www.nrm.dfg.ca.gov/FileHandler.ashx?DocumentID=6351
-12898906.83,3931692.064,123,2004/02/06 00:00:00+00,South Salton City 2,Near-shore,22.25,1,0,0,0,0, ,604971,3682198,http://www.nrm.dfg.ca.gov/FileHandler.ashx?DocumentID=6351
-12908343.52,3941190.322,124,2004/02/06 00:00:00+00,The Dome 1,Near-shore,22.25,0,0,0,0,0, ,596997,3690022,http://www.nrm.dfg.ca.gov/FileHandler.ashx?DocumentID=6351
-12908343.52,3941190.322,125,2004/02/06 00:00:00+00,The Dome 2,Near-shore,22.25,0,0,0,0,0, ,596997,3690022,http://www.nrm.dfg.ca.gov/FileHandler.ashx?DocumentID=6351
-12918978.94,3962128.962,126,2004/02/20 00:00:00+00,Whitewater River 1,Estuarine,22.75,0,2 Grebes,0,0,0, ,587948,3707343,http://www.nrm.dfg.ca.gov/FileHandler.ashx?DocumentID=6351
-12918978.94,3962128.962,127,2004/02/20 00:00:00+00,Whitewater River 2,Estuarine,22.75,0,0,0,0,0, ,587948,3707343,http://www.nrm.dfg.ca.gov/FileHandler.ashx?DocumentID=6351
-12917367.53,3952583.188,128,2004/02/20 00:00:00+00,North Desert Shores 1,Near-shore,22.25,0,0,0,0,0, ,589366,3699424,http://www.nrm.dfg.ca.gov/FileHandler.ashx?DocumentID=6351
-12917367.53,3952583.188,129,2004/02/20 00:00:00+00,North Desert Shores 2,Near-shore,22.5,0,0,0,0,0, ,589366,3699424,http://www.nrm.dfg.ca.gov/FileHandler.ashx?DocumentID=6351
-12879300.21,3913176.135,130,2004/03/05 00:00:00+00,New River 1,Estuarine,23.5,0,0,0,0,0, ,621567,3666958,http://www.nrm.dfg.ca.gov/FileHandler.ashx?DocumentID=6351
-12879300.21,3913176.135,131,2004/03/05 00:00:00+00,New River 2,Estuarine,23.75,0,0,0,0,0, ,621567,3666958,http://www.nrm.dfg.ca.gov/FileHandler.ashx?DocumentID=6351
-12894448.64,3919637.7,132,2004/03/05 00:00:00+00,Test Base 1,Near-shore,23.75,0,0,0,0,0, ,608813,3672196,http://www.nrm.dfg.ca.gov/FileHandler.ashx?DocumentID=6351
-12894448.64,3919637.7,133,2004/03/05 00:00:00+00,Test Base 2,Near-shore,23.75,0,0,0,0,0, ,608813,3672196,http://www.nrm.dfg.ca.gov/FileHandler.ashx?DocumentID=6351
-12883058.22,3927305.882,134,2004/03/06 00:00:00+00,South Basin (bottom) 1,Pelagic,22.5,0,0,0,0,0, ,618275,3678697,http://www.nrm.dfg.ca.gov/FileHandler.ashx?DocumentID=6351
-12883058.22,3927305.882,135,2004/03/06 00:00:00+00,South Basin (bottom) 2,Pelagic,22.5,0,0,0,0,0, ,618275,3678697,http://www.nrm.dfg.ca.gov/FileHandler.ashx?DocumentID=6351
-12883058.22,3927305.882,136,2004/03/06 00:00:00+00,South Basin (surface) 1,Pelagic,22.5,0,0,0,0,0,"See ""Changes to Protocol After Year One"" in the abstract of the metadata.",618275,3678697,http://www.nrm.dfg.ca.gov/FileHandler.ashx?DocumentID=6351
-12883058.22,3927305.882,137,2004/03/06 00:00:00+00,South Basin (surface) 2,Pelagic,22.5,0,0,0,0,0, ,618275,3678697,http://www.nrm.dfg.ca.gov/FileHandler.ashx?DocumentID=6351
-12896581.33,3940381.104,138,2004/03/09 00:00:00+00,Inter Basin (bottom) 1,Pelagic,23.5,0,0,0,0,0,dfguser: numerous pileworms,606837,3689452,http://www.nrm.dfg.ca.gov/FileHandler.ashx?DocumentID=6351
-12896581.33,3940381.104,139,2004/03/09 00:00:00+00,Inter Basin (bottom) 2,Pelagic,23.5,0,0,0,0,0,dfguser: a few pileworms,606837,3689452,http://www.nrm.dfg.ca.gov/FileHandler.ashx?DocumentID=6351
-12896581.33,3940381.104,140,2004/03/09 00:00:00+00,Inter Basin (surface) 1,Pelagic,23.5,0,0,0,0,0, ,606837,3689452,http://www.nrm.dfg.ca.gov/FileHandler.ashx?DocumentID=6351
-12896581.33,3940381.104,141,2004/03/09 00:00:00+00,Inter Basin (surface) 2,Pelagic,23.5,0,0,0,0,0, ,606837,3689452,http://www.nrm.dfg.ca.gov/FileHandler.ashx?DocumentID=6351
-12918978.94,3962128.962,142,2004/04/06 00:00:00+00,Whitewater River 1,Estuarine,23.25,1,0,0,0,0, ,587948,3707343,http://www.nrm.dfg.ca.gov/FileHandler.ashx?DocumentID=6342
-12918978.94,3962128.962,143,2004/04/06 00:00:00+00,Whitewater River 2,Estuarine,23.25,1,0,0,0,0, ,587948,3707343,http://www.nrm.dfg.ca.gov/FileHandler.ashx?DocumentID=6342
-12917367.53,3952583.188,144,2004/04/06 00:00:00+00,North Desert Shores 1,Near-shore,23.25,2,0,0,0,0, ,589366,3699424,http://www.nrm.dfg.ca.gov/FileHandler.ashx?DocumentID=6342
-12917367.53,3952583.188,145,2004/04/06 00:00:00+00,North Desert Shores 2,Near-shore,23.25,0,0,0,0,0, ,589366,3699424,http://www.nrm.dfg.ca.gov/FileHandler.ashx?DocumentID=6342
-12906353.25,3964286.935,146,2004/04/06 00:00:00+00,North Shore 1,Near-shore,23.5,1,0,0,0,0, ,598465,3709237,http://www.nrm.dfg.ca.gov/FileHandler.ashx?DocumentID=6342
-12906353.25,3964286.935,147,2004/04/06 00:00:00+00,North Shore 2,Near-shore,23.5,0,0,0,0,0, ,598465,3709237,http://www.nrm.dfg.ca.gov/FileHandler.ashx?DocumentID=6342
-12870915.73,3923476.296,148,2004/04/09 00:00:00+00,Alamo River 1,Estuarine,23.75,0,0,0,0,0, ,628480,3675635,http://www.nrm.dfg.ca.gov/FileHandler.ashx?DocumentID=6342
-12870915.73,3923476.296,149,2004/04/09 00:00:00+00,Alamo River 2,Estuarine,23.75,0,1 Shad,0,0,0, ,628480,3675635,http://www.nrm.dfg.ca.gov/FileHandler.ashx?DocumentID=6342
-12870894.03,3935316.505,150,2004/04/09 00:00:00+00,North Wister 1,Near-shore,23.5,2,0,0,0,0, ,628368,3685497,http://www.nrm.dfg.ca.gov/FileHandler.ashx?DocumentID=6342
-12870894.03,3935316.505,151,2004/04/09 00:00:00+00,North Wister 2,Near-shore,23.5,3,0,0,0,0, ,628368,3685497,http://www.nrm.dfg.ca.gov/FileHandler.ashx?DocumentID=6342
-12879300.21,3913176.135,152,2004/04/13 00:00:00+00,New River 1,Estuarine,24.25,0,0,0,0,0, ,621567,3666958,http://www.nrm.dfg.ca.gov/FileHandler.ashx?DocumentID=6342
-12879300.21,3913176.135,153,2004/04/13 00:00:00+00,New River 2,Estuarine,24.25,0,0,0,0,0, ,621567,3666958,http://www.nrm.dfg.ca.gov/FileHandler.ashx?DocumentID=6342
-12894448.64,3919637.7,154,2004/04/13 00:00:00+00,Test Base 1,Near-shore,24,0,0,0,0,0, ,608813,3672196,http://www.nrm.dfg.ca.gov/FileHandler.ashx?DocumentID=6342
-12894448.64,3919637.7,155,2004/04/13 00:00:00+00,Test Base 2,Near-shore,24,6,0,0,0,0, ,608813,3672196,http://www.nrm.dfg.ca.gov/FileHandler.ashx?DocumentID=6342
-12898906.83,3931692.064,156,2004/04/15 00:00:00+00,South Salton City 1,Near-shore,22.5,0,0,0,0,0, ,604971,3682198,http://www.nrm.dfg.ca.gov/FileHandler.ashx?DocumentID=6342
-12898906.83,3931692.064,157,2004/04/15 00:00:00+00,South Salton City 2,Near-shore,22.5,2,0,0,0,0, ,604971,3682198,http://www.nrm.dfg.ca.gov/FileHandler.ashx?DocumentID=6342
-12908343.52,3941190.322,158,2004/04/15 00:00:00+00,The Dome 1,Near-shore,22.75,0,0,0,0,0, ,596997,3690022,http://www.nrm.dfg.ca.gov/FileHandler.ashx?DocumentID=6342
-12908343.52,3941190.322,159,2004/04/15 00:00:00+00,The Dome 2,Near-shore,22.75,0,0,0,0,0, ,596997,3690022,http://www.nrm.dfg.ca.gov/FileHandler.ashx?DocumentID=6342
-12895737.45,3952891.324,160,2004/04/27 00:00:00+00,Bat Caves 1,Near-shore,22,0,0,0,0,0, ,607427,3699864,http://www.nrm.dfg.ca.gov/FileHandler.ashx?DocumentID=6342
-12895737.45,3952891.324,161,2004/04/27 00:00:00+00,Bat Caves 2,Near-shore,22.25,0,0,0,0,0, ,607427,3699864,http://www.nrm.dfg.ca.gov/FileHandler.ashx?DocumentID=6342
-12886715.16,3942739.984,162,2004/04/27 00:00:00+00,The Cliffs 1,Near-shore,22,0,0,0,0,0, ,615062,3691509,http://www.nrm.dfg.ca.gov/FileHandler.ashx?DocumentID=6342
-12886715.16,3942739.984,163,2004/04/27 00:00:00+00,The Cliffs 2,Near-shore,22,0,0,0,0,0, ,615062,3691509,http://www.nrm.dfg.ca.gov/FileHandler.ashx?DocumentID=6342
-12870915.73,3923476.296,164,2004/07/07 00:00:00+00,Alamo River 1,Estuarine,23,5,0,0,0,0, ,628480,3675635,http://www.nrm.dfg.ca.gov/FileHandler.ashx?DocumentID=6347
-12870915.73,3923476.296,165,2004/07/07 00:00:00+00,Alamo River 2,Estuarine,23,8,0,0,0,0, ,628480,3675635,http://www.nrm.dfg.ca.gov/FileHandler.ashx?DocumentID=6347
-12879300.21,3913176.135,166,2004/07/07 00:00:00+00,New River 1,Estuarine,23.5,5,0,0,0,0, ,621567,3666958,http://www.nrm.dfg.ca.gov/FileHandler.ashx?DocumentID=6347
-12879300.21,3913176.135,167,2004/07/07 00:00:00+00,New River 2,Estuarine,23.5,9,0,0,0,0, ,621567,3666958,http://www.nrm.dfg.ca.gov/FileHandler.ashx?DocumentID=6347
-12870894.03,3935316.505,168,2004/07/07 00:00:00+00,North Wister 1,Near-shore,23.25,23,1 Pupfish,0,0,0, ,628368,3685497,http://www.nrm.dfg.ca.gov/FileHandler.ashx?DocumentID=6347
-12870894.03,3935316.505,169,2004/07/07 00:00:00+00,North Wister 2,Near-shore,23.25,14,0,0,0,0, ,628368,3685497,http://www.nrm.dfg.ca.gov/FileHandler.ashx?DocumentID=6347
-12895737.45,3952891.324,170,2004/07/09 00:00:00+00,Bat Caves 1,Near-shore,25,88,0,0,0,0, ,607427,3699864,http://www.nrm.dfg.ca.gov/FileHandler.ashx?DocumentID=6347
-12895737.45,3952891.324,171,2004/07/09 00:00:00+00,Bat Caves 2,Near-shore,25,113,0,0,0,0, ,607427,3699864,http://www.nrm.dfg.ca.gov/FileHandler.ashx?DocumentID=6347
-12886715.16,3942739.984,172,2004/07/09 00:00:00+00,The Cliffs 1,Near-shore,24.25,52,0,0,0,0, ,615062,3691509,http://www.nrm.dfg.ca.gov/FileHandler.ashx?DocumentID=6347
-12886715.16,3942739.984,173,2004/07/09 00:00:00+00,The Cliffs 2,Near-shore,24.75,52,2 pupfish,0,0,0, ,615062,3691509,http://www.nrm.dfg.ca.gov/FileHandler.ashx?DocumentID=6347
-12918978.94,3962128.962,174,2004/07/14 00:00:00+00,Whitewater River 1,Estuarine,24,131,0,0,0,0, ,587948,3707343,http://www.nrm.dfg.ca.gov/FileHandler.ashx?DocumentID=6347
-12918978.94,3962128.962,175,2004/07/14 00:00:00+00,Whitewater River 2,Estuarine,24.5,201,0,0,0,0, ,587948,3707343,http://www.nrm.dfg.ca.gov/FileHandler.ashx?DocumentID=6347
-12906353.25,3964286.935,176,2004/07/14 00:00:00+00,North Shore 1,Near-shore,25.25,242,0,0,0,0, ,598465,3709237,http://www.nrm.dfg.ca.gov/FileHandler.ashx?DocumentID=6347
-12906353.25,3964286.935,177,2004/07/14 00:00:00+00,North Shore 2,Near-shore,25.5,206,0,0,0,0, ,598465,3709237,http://www.nrm.dfg.ca.gov/FileHandler.ashx?DocumentID=6347
-12917367.53,3952583.188,178,2004/08/04 00:00:00+00,North Desert Shores 1,Near-shore,23.5,3,0,0,0,0, ,589366,3699424,http://www.nrm.dfg.ca.gov/FileHandler.ashx?DocumentID=6347
-12917367.53,3952583.188,179,2004/08/04 00:00:00+00,North Desert Shores 2,Near-shore,23.5,7,0,0,0,0, ,589366,3699424,http://www.nrm.dfg.ca.gov/FileHandler.ashx?DocumentID=6347
-12908343.52,3941190.322,180,2004/08/04 00:00:00+00,The Dome 1,Near-shore,23.5,115,0,0,0,0, ,596997,3690022,http://www.nrm.dfg.ca.gov/FileHandler.ashx?DocumentID=6347
-12908343.52,3941190.322,181,2004/08/04 00:00:00+00,The Dome 2,Near-shore,24,124,0,0,0,0, ,596997,3690022,http://www.nrm.dfg.ca.gov/FileHandler.ashx?DocumentID=6347
-12898906.83,3931692.064,182,2004/08/10 00:00:00+00,South Salton City 1,Near-shore,25,11,0,0,0,0, ,604971,3682198,http://www.nrm.dfg.ca.gov/FileHandler.ashx?DocumentID=6347
-12898906.83,3931692.064,183,2004/08/10 00:00:00+00,South Salton City 2,Near-shore,25,45,0,0,0,0, ,604971,3682198,http://www.nrm.dfg.ca.gov/FileHandler.ashx?DocumentID=6347
-12894448.64,3919637.7,184,2004/08/10 00:00:00+00,Test Base 1,Near-shore,23.5,179,0,0,0,0, ,608813,3672196,http://www.nrm.dfg.ca.gov/FileHandler.ashx?DocumentID=6347
-12894448.64,3919637.7,185,2004/08/10 00:00:00+00,Test Base 2,Near-shore,24,917,0,0,0,0, ,608813,3672196,http://www.nrm.dfg.ca.gov/FileHandler.ashx?DocumentID=6347
-12870915.73,3923476.296,186,2004/10/14 00:00:00+00,Alamo River 1,Estuarine,23.5,37,0,0,0,0,"See the ""Footnote"" in the abstract of the metadata.",628480,3675635,http://www.nrm.dfg.ca.gov/FileHandler.ashx?DocumentID=6337
-12870915.73,3923476.296,187,2004/10/14 00:00:00+00,Alamo River 2,Estuarine,23.5,172,0,0,0,0, ,628480,3675635,http://www.nrm.dfg.ca.gov/FileHandler.ashx?DocumentID=6337
-12870894.03,3935316.505,188,2004/10/14 00:00:00+00,North Wister 1,Near-shore,23.5,113,0,0,0,0,"See the ""Footnote"" in the abstract of the metadata.",628368,3685497,http://www.nrm.dfg.ca.gov/FileHandler.ashx?DocumentID=6337
-12870894.03,3935316.505,189,2004/10/14 00:00:00+00,North Wister 2,Near-shore,23.5,158,0,0,0,0, ,628368,3685497,http://www.nrm.dfg.ca.gov/FileHandler.ashx?DocumentID=6337
-12895737.45,3952891.324,190,2004/11/03 00:00:00+00,Bat Caves 1,Near-shore,23.75,15,0,0,0,0, ,607427,3699864,http://www.nrm.dfg.ca.gov/FileHandler.ashx?DocumentID=6337
-12895737.45,3952891.324,191,2004/11/03 00:00:00+00,Bat Caves 2,Near-shore,23.75,14,0,0,0,0, ,607427,3699864,http://www.nrm.dfg.ca.gov/FileHandler.ashx?DocumentID=6337
-12886715.16,3942739.984,192,2004/11/03 00:00:00+00,The Cliffs 1,Near-shore,23.75,17,0,0,0,0, ,615062,3691509,http://www.nrm.dfg.ca.gov/FileHandler.ashx?DocumentID=6337
-12886715.16,3942739.984,193,2004/11/03 00:00:00+00,The Cliffs 2,Near-shore,23.75,24,0,0,0,0, ,615062,3691509,http://www.nrm.dfg.ca.gov/FileHandler.ashx?DocumentID=6337
-12918978.94,3962128.962,194,2004/11/05 00:00:00+00,Whitewater River 1,Estuarine,24,0,0,0,0,0, ,587948,3707343,http://www.nrm.dfg.ca.gov/FileHandler.ashx?DocumentID=6337
-12918978.94,3962128.962,195,2004/11/05 00:00:00+00,Whitewater River 2,Estuarine,24,0,0,0,0,0, ,587948,3707343,http://www.nrm.dfg.ca.gov/FileHandler.ashx?DocumentID=6337
-12906353.25,3964286.935,196,2004/11/05 00:00:00+00,North Shore 1,Near-shore,24,16,0,0,0,0, ,598465,3709237,http://www.nrm.dfg.ca.gov/FileHandler.ashx?DocumentID=6337
-12906353.25,3964286.935,197,2004/11/05 00:00:00+00,North Shore 2,Near-shore,24,15,0,0,0,0, ,598465,3709237,http://www.nrm.dfg.ca.gov/FileHandler.ashx?DocumentID=6337
-12917367.53,3952583.188,198,2004/11/10 00:00:00+00,North Desert Shores 1,Near-shore,23.5,12,0,0,0,0, ,589366,3699424,http://www.nrm.dfg.ca.gov/FileHandler.ashx?DocumentID=6337
-12917367.53,3952583.188,199,2004/11/10 00:00:00+00,North Desert Shores 2,Near-shore,23.75,13,0,0,0,0, ,589366,3699424,http://www.nrm.dfg.ca.gov/FileHandler.ashx?DocumentID=6337
-12908343.52,3941190.322,200,2004/11/10 00:00:00+00,The Dome 1,Near-shore,23.5,4,0,0,0,0, ,596997,3690022,http://www.nrm.dfg.ca.gov/FileHandler.ashx?DocumentID=6337
-12908343.52,3941190.322,201,2004/11/10 00:00:00+00,The Dome 2,Near-shore,23.75,9,0,0,0,0, ,596997,3690022,http://www.nrm.dfg.ca.gov/FileHandler.ashx?DocumentID=6337
-12879300.21,3913176.135,202,2004/11/17 00:00:00+00,New River 1,Estuarine,23.75,0,0,0,0,0, ,621567,3666958,http://www.nrm.dfg.ca.gov/FileHandler.ashx?DocumentID=6337
-12879300.21,3913176.135,203,2004/11/17 00:00:00+00,New River 2,Estuarine,23.75,2,0,0,0,0, ,621567,3666958,http://www.nrm.dfg.ca.gov/FileHandler.ashx?DocumentID=6337
-12898906.83,3931692.064,204,2004/11/19 00:00:00+00,South Salton City 1,Near-shore,23.75,2,0,0,0,0, ,604971,3682198,http://www.nrm.dfg.ca.gov/FileHandler.ashx?DocumentID=6337
-12898906.83,3931692.064,205,2004/11/19 00:00:00+00,South Salton City 2,Near-shore,23.75,3,0,0,0,0, ,604971,3682198,http://www.nrm.dfg.ca.gov/FileHandler.ashx?DocumentID=6337
-12894448.64,3919637.7,206,2004/11/19 00:00:00+00,Test Base 1,Near-shore,23.75,14,0,0,0,0, ,608813,3672196,http://www.nrm.dfg.ca.gov/FileHandler.ashx?DocumentID=6337
-12894448.64,3919637.7,207,2004/11/19 00:00:00+00,Test Base 2,Near-shore,23.75,11,0,0,0,0, ,608813,3672196,http://www.nrm.dfg.ca.gov/FileHandler.ashx?DocumentID=6337
-12870915.73,3923476.296,208,2004/12/01 00:00:00+00,Alamo River 1,Estuarine,23.25,1,0,0,0,0, ,628480,3675635,http://www.nrm.dfg.ca.gov/FileHandler.ashx?DocumentID=6337
-12870915.73,3923476.296,209,2004/12/01 00:00:00+00,Alamo River 2,Estuarine,23.25,1,0,0,0,0, ,628480,3675635,http://www.nrm.dfg.ca.gov/FileHandler.ashx?DocumentID=6337
-12870894.03,3935316.505,210,2004/12/01 00:00:00+00,North Wister 1,Near-shore,23,0,0,0,0,0, ,628368,3685497,http://www.nrm.dfg.ca.gov/FileHandler.ashx?DocumentID=6337
-12870894.03,3935316.505,211,2004/12/01 00:00:00+00,North Wister 2,Near-shore,23,0,0,0,0,0, ,628368,3685497,http://www.nrm.dfg.ca.gov/FileHandler.ashx?DocumentID=6337
-12870915.73,3923476.296,212,2005/01/06 00:00:00+00,Alamo River 1,Estuarine,23.75,1,0,0,0,0, ,628480,3675635,http://www.nrm.dfg.ca.gov/FileHandler.ashx?DocumentID=6352
-12870915.73,3923476.296,213,2005/01/06 00:00:00+00,Alamo River 2,Estuarine,23.5,0,0,0,0,0, ,628480,3675635,http://www.nrm.dfg.ca.gov/FileHandler.ashx?DocumentID=6352
-12870894.03,3935316.505,214,2005/01/06 00:00:00+00,North Wister 1,Near-shore,23.5,0,0,0,0,0, ,628368,3685497,http://www.nrm.dfg.ca.gov/FileHandler.ashx?DocumentID=6352
-12870894.03,3935316.505,215,2005/01/06 00:00:00+00,North Wister 2,Near-shore,23.5,4,0,0,0,0, ,628368,3685497,http://www.nrm.dfg.ca.gov/FileHandler.ashx?DocumentID=6352
-12886715.16,3942739.984,216,2005/01/11 00:00:00+00,The Cliffs 1,Near-shore,21.25,4,0,0,0,0, ,615062,3691509,http://www.nrm.dfg.ca.gov/FileHandler.ashx?DocumentID=6352
-12886715.16,3942739.984,217,2005/01/11 00:00:00+00,The Cliffs 2,Near-shore,21.25,1,0,0,0,0, ,615062,3691509,http://www.nrm.dfg.ca.gov/FileHandler.ashx?DocumentID=6352
-12895737.45,3952891.324,218,2005/01/13 00:00:00+00,Bat Caves 1,Near-shore,23,7,0,0,0,0, ,607427,3699864,http://www.nrm.dfg.ca.gov/FileHandler.ashx?DocumentID=6352
-12895737.45,3952891.324,219,2005/01/13 00:00:00+00,Bat Caves 2,Near-shore,23,4,0,0,0,0, ,607427,3699864,http://www.nrm.dfg.ca.gov/FileHandler.ashx?DocumentID=6352
-12906353.25,3964286.935,220,2005/01/13 00:00:00+00,North Shore 1,Near-shore,23,2,0,0,0,0, ,598465,3709237,http://www.nrm.dfg.ca.gov/FileHandler.ashx?DocumentID=6352
-12906353.25,3964286.935,221,2005/01/13 00:00:00+00,North Shore 2,Near-shore,23,7,0,0,0,0, ,598465,3709237,http://www.nrm.dfg.ca.gov/FileHandler.ashx?DocumentID=6352
-12898906.83,3931692.064,222,2005/01/19 00:00:00+00,South Salton City 1,Near-shore,22.25,1,0,0,0,0, ,604971,3682198,http://www.nrm.dfg.ca.gov/FileHandler.ashx?DocumentID=6352
-12898906.83,3931692.064,223,2005/01/19 00:00:00+00,South Salton City 2,Near-shore,22.25,0,0,0,0,0, ,604971,3682198,http://www.nrm.dfg.ca.gov/FileHandler.ashx?DocumentID=6352
-12908343.52,3941190.322,224,2005/01/19 00:00:00+00,The Dome 1,Near-shore,22.75,0,0,0,0,0, ,596997,3690022,http://www.nrm.dfg.ca.gov/FileHandler.ashx?DocumentID=6352
-12908343.52,3941190.322,225,2005/01/19 00:00:00+00,The Dome 2,Near-shore,22.75,0,0,0,0,0, ,596997,3690022,http://www.nrm.dfg.ca.gov/FileHandler.ashx?DocumentID=6352
-12918978.94,3962128.962,226,2005/01/21 00:00:00+00,Whitewater River 1,Estuarine,24.25,0,0,0,0,0, ,587948,3707343,http://www.nrm.dfg.ca.gov/FileHandler.ashx?DocumentID=6352
-12918978.94,3962128.962,227,2005/01/21 00:00:00+00,Whitewater River 2,Estuarine,24.25,0,0,0,0,0, ,587948,3707343,http://www.nrm.dfg.ca.gov/FileHandler.ashx?DocumentID=6352
-12917367.53,3952583.188,228,2005/01/21 00:00:00+00,North Desert Shores 1,Near-shore,24.75,2,0,0,0,0, ,589366,3699424,http://www.nrm.dfg.ca.gov/FileHandler.ashx?DocumentID=6352
-12917367.53,3952583.188,229,2005/01/21 00:00:00+00,North Desert Shores 2,Near-shore,24.5,1,0,0,0,0, ,589366,3699424,http://www.nrm.dfg.ca.gov/FileHandler.ashx?DocumentID=6352
-12894448.64,3919637.7,230,2005/02/04 00:00:00+00,Test Base 1,Near-shore,23.75,0,0,0,0,0, ,608813,3672196,http://www.nrm.dfg.ca.gov/FileHandler.ashx?DocumentID=6352
-12894448.64,3919637.7,231,2005/02/04 00:00:00+00,Test Base 2,Near-shore,23.75,1,0,0,0,0, ,608813,3672196,http://www.nrm.dfg.ca.gov/FileHandler.ashx?DocumentID=6352
-12879300.21,3913176.135,232,2005/02/09 00:00:00+00,New River 1,Estuarine,24,0,0,0,0,0, ,621567,3666958,http://www.nrm.dfg.ca.gov/FileHandler.ashx?DocumentID=6352
-12879300.21,3913176.135,233,2005/02/09 00:00:00+00,New River 2,Estuarine,24,0,0,0,0,0, ,621567,3666958,http://www.nrm.dfg.ca.gov/FileHandler.ashx?DocumentID=6352
-12886715.16,3942739.984,234,2005/04/06 00:00:00+00,The Cliffs 1,Near-shore,23,1,0,0,0,0, ,615062,3691509,http://www.nrm.dfg.ca.gov/FileHandler.ashx?DocumentID=6343
-12886715.16,3942739.984,235,2005/04/06 00:00:00+00,The Cliffs 2,Near-shore,23,1,0,0,0,0, ,615062,3691509,http://www.nrm.dfg.ca.gov/FileHandler.ashx?DocumentID=6343
-12870894.03,3935316.505,236,2005/04/07 00:00:00+00,North Wister 1,Near-shore,23.75,1,0,0,0,0, ,628368,3685497,http://www.nrm.dfg.ca.gov/FileHandler.ashx?DocumentID=6343
-12870894.03,3935316.505,237,2005/04/07 00:00:00+00,North Wister 2,Near-shore,23.5,2,0,0,0,0, ,628368,3685497,http://www.nrm.dfg.ca.gov/FileHandler.ashx?DocumentID=6343
-12898906.83,3931692.064,238,2005/04/13 00:00:00+00,South Salton City 1,Near-shore,24.5,2,0,0,0,0, ,604971,3682198,http://www.nrm.dfg.ca.gov/FileHandler.ashx?DocumentID=6343
-12898906.83,3931692.064,239,2005/04/13 00:00:00+00,South Salton City 2,Near-shore,24.5,1,0,0,0,0, ,604971,3682198,http://www.nrm.dfg.ca.gov/FileHandler.ashx?DocumentID=6343
-12908343.52,3941190.322,240,2005/04/13 00:00:00+00,The Dome 1,Near-shore,24,3,0,0,0,0, ,596997,3690022,http://www.nrm.dfg.ca.gov/FileHandler.ashx?DocumentID=6343
-12908343.52,3941190.322,241,2005/04/13 00:00:00+00,The Dome 2,Near-shore,24,0,0,0,0,0, ,596997,3690022,http://www.nrm.dfg.ca.gov/FileHandler.ashx?DocumentID=6343
-12906353.25,3964286.935,242,2005/04/20 00:00:00+00,North Shore 1,Near-shore,23.5,9,0,0,0,0, ,598465,3709237,http://www.nrm.dfg.ca.gov/FileHandler.ashx?DocumentID=6343
-12906353.25,3964286.935,243,2005/04/20 00:00:00+00,North Shore 2,Near-shore,23.5,6,0,0,0,0, ,598465,3709237,http://www.nrm.dfg.ca.gov/FileHandler.ashx?DocumentID=6343
-12895737.45,3952891.324,244,2005/04/21 00:00:00+00,Bat Caves 1,Near-shore,24.25,1,0,0,0,0, ,607427,3699864,http://www.nrm.dfg.ca.gov/FileHandler.ashx?DocumentID=6343
-12895737.45,3952891.324,245,2005/04/21 00:00:00+00,Bat Caves 2,Near-shore,24.25,3,0,0,0,0, ,607427,3699864,http://www.nrm.dfg.ca.gov/FileHandler.ashx?DocumentID=6343
-12870915.73,3923476.296,246,2005/04/22 00:00:00+00,Alamo River 1,Estuarine,23,0,0,0,0,0, ,628480,3675635,http://www.nrm.dfg.ca.gov/FileHandler.ashx?DocumentID=6343
-12870915.73,3923476.296,247,2005/04/22 00:00:00+00,Alamo River 2,Estuarine,23,0,0,0,0,0, ,628480,3675635,http://www.nrm.dfg.ca.gov/FileHandler.ashx?DocumentID=6343
-12918978.94,3962128.962,248,2005/04/27 00:00:00+00,Whitewater River 1,Estuarine,24.5,1,0,0,0,0, ,587948,3707343,http://www.nrm.dfg.ca.gov/FileHandler.ashx?DocumentID=6343
-12918978.94,3962128.962,249,2005/04/27 00:00:00+00,Whitewater River 2,Estuarine,24.5,1,0,0,0,0, ,587948,3707343,http://www.nrm.dfg.ca.gov/FileHandler.ashx?DocumentID=6343
-12917367.53,3952583.188,250,2005/04/27 00:00:00+00,North Desert Shores 1,Near-shore,24.5,1,0,0,0,0, ,589366,3699424,http://www.nrm.dfg.ca.gov/FileHandler.ashx?DocumentID=6343
-12917367.53,3952583.188,251,2005/04/27 00:00:00+00,North Desert Shores 2,Near-shore,24.5,1,0,0,0,0, ,589366,3699424,http://www.nrm.dfg.ca.gov/FileHandler.ashx?DocumentID=6343
-12879300.21,3913176.135,252,2005/05/04 00:00:00+00,New River 1,Estuarine,24.5,2,0,0,0,0, ,621567,3666958,http://www.nrm.dfg.ca.gov/FileHandler.ashx?DocumentID=6343
-12879300.21,3913176.135,253,2005/05/04 00:00:00+00,New River 2,Estuarine,24.5,1,0,0,0,0, ,621567,3666958,http://www.nrm.dfg.ca.gov/FileHandler.ashx?DocumentID=6343
-12894448.64,3919637.7,254,2005/05/04 00:00:00+00,Test Base 1,Near-shore,24.25,4,0,0,0,0, ,608813,3672196,http://www.nrm.dfg.ca.gov/FileHandler.ashx?DocumentID=6343
-12894448.64,3919637.7,255,2005/05/04 00:00:00+00,Test Base 2,Near-shore,24.5,4,0,0,0,0, ,608813,3672196,http://www.nrm.dfg.ca.gov/FileHandler.ashx?DocumentID=6343
-12898906.83,3931692.064,256,2005/07/15 00:00:00+00,South Salton City 1,Near-shore,24.5,4,0,0,0,0, ,604971,3682198,http://www.nrm.dfg.ca.gov/FileHandler.ashx?DocumentID=6348
-12898906.83,3931692.064,257,2005/07/15 00:00:00+00,South Salton City 2,Near-shore,24.5,5,0,0,0,0, ,604971,3682198,http://www.nrm.dfg.ca.gov/FileHandler.ashx?DocumentID=6348
-12908343.52,3941190.322,258,2005/07/15 00:00:00+00,The Dome 1,Near-shore,24,23,0,0,0,0, ,596997,3690022,http://www.nrm.dfg.ca.gov/FileHandler.ashx?DocumentID=6348
-12908343.52,3941190.322,259,2005/07/15 00:00:00+00,The Dome 2,Near-shore,23.75,21,0,0,0,0, ,596997,3690022,http://www.nrm.dfg.ca.gov/FileHandler.ashx?DocumentID=6348
-12870894.03,3935316.505,260,2005/07/22 00:00:00+00,North Wister 1,Near-shore,24,110,0,0,0,0, ,628368,3685497,http://www.nrm.dfg.ca.gov/FileHandler.ashx?DocumentID=6348
-12870894.03,3935316.505,261,2005/07/22 00:00:00+00,North Wister 2,Near-shore,24.5,86,0,0,0,0, ,628368,3685497,http://www.nrm.dfg.ca.gov/FileHandler.ashx?DocumentID=6348
-12886715.16,3942739.984,262,2005/07/22 00:00:00+00,The Cliffs 1,Near-shore,24.5,128,1 St. bass,0,0,0, ,615062,3691509,http://www.nrm.dfg.ca.gov/FileHandler.ashx?DocumentID=6348
-12886715.16,3942739.984,263,2005/07/22 00:00:00+00,The Cliffs 2,Near-shore,24.5,111,0,0,0,0, ,615062,3691509,http://www.nrm.dfg.ca.gov/FileHandler.ashx?DocumentID=6348
-12918978.94,3962128.962,264,2005/07/27 00:00:00+00,Whitewater River 1,Estuarine,23.75,0,0,0,0,0, ,587948,3707343,http://www.nrm.dfg.ca.gov/FileHandler.ashx?DocumentID=6348
-12918978.94,3962128.962,265,2005/07/27 00:00:00+00,Whitewater River 2,Estuarine,23.5,0,0,0,0,0, ,587948,3707343,http://www.nrm.dfg.ca.gov/FileHandler.ashx?DocumentID=6348
-12917367.53,3952583.188,266,2005/07/27 00:00:00+00,North Desert Shores 1,Near-shore,24,35,0,0,0,0, ,589366,3699424,http://www.nrm.dfg.ca.gov/FileHandler.ashx?DocumentID=6348
-12917367.53,3952583.188,267,2005/07/27 00:00:00+00,North Desert Shores 2,Near-shore,24.25,1,0,0,0,0, ,589366,3699424,http://www.nrm.dfg.ca.gov/FileHandler.ashx?DocumentID=6348
-12879300.21,3913176.135,268,2005/08/02 00:00:00+00,New River 1,Estuarine,23.75,145,0,0,0,0, ,621567,3666958,http://www.nrm.dfg.ca.gov/FileHandler.ashx?DocumentID=6348
-12879300.21,3913176.135,269,2005/08/02 00:00:00+00,New River 2,Estuarine,23.75,380,0,0,0,0, ,621567,3666958,http://www.nrm.dfg.ca.gov/FileHandler.ashx?DocumentID=6348
-12894448.64,3919637.7,270,2005/08/02 00:00:00+00,Test Base 1,Near-shore,23.5,417,0,0,0,0, ,608813,3672196,http://www.nrm.dfg.ca.gov/FileHandler.ashx?DocumentID=6348
-12894448.64,3919637.7,271,2005/08/02 00:00:00+00,Test Base 2,Near-shore,23.5,759,0,0,0,0, ,608813,3672196,http://www.nrm.dfg.ca.gov/FileHandler.ashx?DocumentID=6348
-12870915.73,3923476.296,272,2005/08/05 00:00:00+00,Alamo River 1,Estuarine,23.75,44,0,0,0,0, ,628480,3675635,http://www.nrm.dfg.ca.gov/FileHandler.ashx?DocumentID=6348
-12870915.73,3923476.296,273,2005/08/05 00:00:00+00,Alamo River 2,Estuarine,23.75,37,0,0,0,0, ,628480,3675635,http://www.nrm.dfg.ca.gov/FileHandler.ashx?DocumentID=6348
-12895737.45,3952891.324,274,2005/08/11 00:00:00+00,Bat Caves 1,Near-shore,23.75,317,0,0,0,0, ,607427,3699864,http://www.nrm.dfg.ca.gov/FileHandler.ashx?DocumentID=6348
-12895737.45,3952891.324,275,2005/08/11 00:00:00+00,Bat Caves 2,Near-shore,23.75,555,0,0,0,0, ,607427,3699864,http://www.nrm.dfg.ca.gov/FileHandler.ashx?DocumentID=6348
-12906353.25,3964286.935,276,2005/08/11 00:00:00+00,North Shore 1,Near-shore,23.75,273,1 Molly,0,0,0, ,598465,3709237,http://www.nrm.dfg.ca.gov/FileHandler.ashx?DocumentID=6348
-12906353.25,3964286.935,277,2005/08/11 00:00:00+00,North Shore 2,Near-shore,23.75,154,0,0,0,0, ,598465,3709237,http://www.nrm.dfg.ca.gov/FileHandler.ashx?DocumentID=6348
-12898906.83,3931692.064,278,2005/10/12 00:00:00+00,South Salton City 1,Near-shore,23.5,86,0,0,0,0, ,604971,3682198,http://www.nrm.dfg.ca.gov/FileHandler.ashx?DocumentID=6338
-12898906.83,3931692.064,279,2005/10/12 00:00:00+00,South Salton City 2,Near-shore,23.5,96,0,0,0,0, ,604971,3682198,http://www.nrm.dfg.ca.gov/FileHandler.ashx?DocumentID=6338
-12908343.52,3941190.322,280,2005/10/13 00:00:00+00,The Dome 1,Near-shore,27.25,100,0,0,0,0, ,596997,3690022,http://www.nrm.dfg.ca.gov/FileHandler.ashx?DocumentID=6338
-12908343.52,3941190.322,281,2005/10/13 00:00:00+00,The Dome 2,Near-shore,27.25,158,0,0,0,0, ,596997,3690022,http://www.nrm.dfg.ca.gov/FileHandler.ashx?DocumentID=6338
-12917367.53,3952583.188,282,2005/10/14 00:00:00+00,North Desert Shores 1,Near-shore,24.25,113,0,0,0,0, ,589366,3699424,http://www.nrm.dfg.ca.gov/FileHandler.ashx?DocumentID=6338
-12917367.53,3952583.188,283,2005/10/14 00:00:00+00,North Desert Shores 2,Near-shore,24.25,124,0,0,0,0, ,589366,3699424,http://www.nrm.dfg.ca.gov/FileHandler.ashx?DocumentID=6338
-12918978.94,3962128.962,284,2005/10/20 00:00:00+00,Whitewater River 1,Estuarine,24.25,62,0,0,0,0, ,587948,3707343,http://www.nrm.dfg.ca.gov/FileHandler.ashx?DocumentID=6338
-12918978.94,3962128.962,285,2005/10/20 00:00:00+00,Whitewater River 2,Estuarine,24.25,45,0,0,0,0, ,587948,3707343,http://www.nrm.dfg.ca.gov/FileHandler.ashx?DocumentID=6338
-12906353.25,3964286.935,286,2005/10/21 00:00:00+00,North Shore 1,Near-shore,24,260,0,0,0,0, ,598465,3709237,http://www.nrm.dfg.ca.gov/FileHandler.ashx?DocumentID=6338
-12906353.25,3964286.935,287,2005/10/21 00:00:00+00,North Shore 2,Near-shore,24,275,0,0,0,0, ,598465,3709237,http://www.nrm.dfg.ca.gov/FileHandler.ashx?DocumentID=6338
-12870894.03,3935316.505,288,2005/10/27 00:00:00+00,North Wister 1,Near-shore,23.25,10,0,0,0,0, ,628368,3685497,http://www.nrm.dfg.ca.gov/FileHandler.ashx?DocumentID=6338
-12870894.03,3935316.505,289,2005/10/27 00:00:00+00,North Wister 2,Near-shore,23.25,14,0,0,0,0, ,628368,3685497,http://www.nrm.dfg.ca.gov/FileHandler.ashx?DocumentID=6338
-12886715.16,3942739.984,290,2005/10/27 00:00:00+00,The Cliffs 1,Near-shore,24.75,11,0,0,0,0, ,615062,3691509,http://www.nrm.dfg.ca.gov/FileHandler.ashx?DocumentID=6338
-12886715.16,3942739.984,291,2005/10/27 00:00:00+00,The Cliffs 2,Near-shore,24.75,3,0,0,0,0, ,615062,3691509,http://www.nrm.dfg.ca.gov/FileHandler.ashx?DocumentID=6338
-12870915.73,3923476.296,292,2005/11/02 00:00:00+00,Alamo River 1,Estuarine,24.25,21,0,0,0,0, ,628480,3675635,http://www.nrm.dfg.ca.gov/FileHandler.ashx?DocumentID=6338
-12870915.73,3923476.296,293,2005/11/02 00:00:00+00,Alamo River 2,Estuarine,24.5,18,0,0,0,0, ,628480,3675635,http://www.nrm.dfg.ca.gov/FileHandler.ashx?DocumentID=6338
-12879300.21,3913176.135,294,2005/11/02 00:00:00+00,New River 1,Estuarine,23,0,0,0,0,0, ,621567,3666958,http://www.nrm.dfg.ca.gov/FileHandler.ashx?DocumentID=6338
-12879300.21,3913176.135,295,2005/11/02 00:00:00+00,New River 2,Estuarine,23,0,0,0,0,0, ,621567,3666958,http://www.nrm.dfg.ca.gov/FileHandler.ashx?DocumentID=6338
-12895737.45,3952891.324,296,2005/11/04 00:00:00+00,Bat Caves 1,Near-shore,23.5,50,0,0,0,0, ,607427,3699864,http://www.nrm.dfg.ca.gov/FileHandler.ashx?DocumentID=6338
-12895737.45,3952891.324,297,2005/11/04 00:00:00+00,Bat Caves 2,Near-shore,23.5,62,0,0,0,0, ,607427,3699864,http://www.nrm.dfg.ca.gov/FileHandler.ashx?DocumentID=6338
-12894448.64,3919637.7,298,2005/11/08 00:00:00+00,Test Base 1,Near-shore,23.75,1,0,0,0,0, ,608813,3672196,http://www.nrm.dfg.ca.gov/FileHandler.ashx?DocumentID=6338
-12894448.64,3919637.7,299,2005/11/08 00:00:00+00,Test Base 2,Near-shore,23.75,0,0,0,0,0, ,608813,3672196,http://www.nrm.dfg.ca.gov/FileHandler.ashx?DocumentID=6338
-12918978.94,3962128.962,300,2006/01/06 00:00:00+00,Whitewater River 1,Estuarine,23.75,0,0,0,0,0, ,587948,3707343,http://www.nrm.dfg.ca.gov/FileHandler.ashx?DocumentID=6353
-12918978.94,3962128.962,301,2006/01/06 00:00:00+00,Whitewater River 2,Estuarine,23.75,0,0,0,0,0, ,587948,3707343,http://www.nrm.dfg.ca.gov/FileHandler.ashx?DocumentID=6353
-12906353.25,3964286.935,302,2006/01/06 00:00:00+00,North Shore 1,Near-shore,23.5,1,0,0,0,0, ,598465,3709237,http://www.nrm.dfg.ca.gov/FileHandler.ashx?DocumentID=6353
-12906353.25,3964286.935,303,2006/01/06 00:00:00+00,North Shore 2,Near-shore,23.5,1,0,0,0,0, ,598465,3709237,http://www.nrm.dfg.ca.gov/FileHandler.ashx?DocumentID=6353
-12917367.53,3952583.188,304,2006/01/12 00:00:00+00,North Desert Shores 1,Near-shore,23.5,1,0,0,0,0, ,589366,3699424,http://www.nrm.dfg.ca.gov/FileHandler.ashx?DocumentID=6353
-12917367.53,3952583.188,305,2006/01/12 00:00:00+00,North Desert Shores 2,Near-shore,23.5,1,0,0,0,0, ,589366,3699424,http://www.nrm.dfg.ca.gov/FileHandler.ashx?DocumentID=6353
-12908343.52,3941190.322,306,2006/01/12 00:00:00+00,The Dome 1,Near-shore,23.5,1,0,0,0,0, ,596997,3690022,http://www.nrm.dfg.ca.gov/FileHandler.ashx?DocumentID=6353
-12908343.52,3941190.322,307,2006/01/12 00:00:00+00,The Dome 2,Near-shore,23.5,0,0,0,0,0, ,596997,3690022,http://www.nrm.dfg.ca.gov/FileHandler.ashx?DocumentID=6353
-12895737.45,3952891.324,308,2006/01/18 00:00:00+00,Bat Caves 1,Near-shore,24.5,5,1 Grebe,0,0,0, ,607427,3699864,http://www.nrm.dfg.ca.gov/FileHandler.ashx?DocumentID=6353
-12895737.45,3952891.324,309,2006/01/18 00:00:00+00,Bat Caves 2,Near-shore,24.5,12,0,0,0,0, ,607427,3699864,http://www.nrm.dfg.ca.gov/FileHandler.ashx?DocumentID=6353
-12886715.16,3942739.984,310,2006/01/18 00:00:00+00,The Cliffs 1,Near-shore,24.5,4,0,0,0,0, ,615062,3691509,http://www.nrm.dfg.ca.gov/FileHandler.ashx?DocumentID=6353
-12886715.16,3942739.984,311,2006/01/18 00:00:00+00,The Cliffs 2,Near-shore,24.5,5,0,0,0,0, ,615062,3691509,http://www.nrm.dfg.ca.gov/FileHandler.ashx?DocumentID=6353
-12870894.03,3935316.505,312,2006/01/25 00:00:00+00,North Wister 1,Near-shore,23.75,0,0,0,0,0, ,628368,3685497,http://www.nrm.dfg.ca.gov/FileHandler.ashx?DocumentID=6353
-12870894.03,3935316.505,313,2006/01/25 00:00:00+00,North Wister 2,Near-shore,23.75,0,0,0,0,0, ,628368,3685497,http://www.nrm.dfg.ca.gov/FileHandler.ashx?DocumentID=6353
-12870915.73,3923476.296,314,2006/01/26 00:00:00+00,Alamo River 1,Estuarine,23.5,0,0,0,0,0, ,628480,3675635,http://www.nrm.dfg.ca.gov/FileHandler.ashx?DocumentID=6353
-12870915.73,3923476.296,315,2006/01/26 00:00:00+00,Alamo River 2,Estuarine,23.5,1,0,0,0,0, ,628480,3675635,http://www.nrm.dfg.ca.gov/FileHandler.ashx?DocumentID=6353
-12879300.21,3913176.135,316,2006/01/27 00:00:00+00,New River 1,Estuarine,23.25,0,0,0,0,0, ,621567,3666958,http://www.nrm.dfg.ca.gov/FileHandler.ashx?DocumentID=6353
-12879300.21,3913176.135,317,2006/01/27 00:00:00+00,New River 2,Estuarine,23.25,1,0,0,0,0, ,621567,3666958,http://www.nrm.dfg.ca.gov/FileHandler.ashx?DocumentID=6353
-12898906.83,3931692.064,318,2006/02/01 00:00:00+00,South Salton City 1,Near-shore,24,0,0,0,0,0, ,604971,3682198,http://www.nrm.dfg.ca.gov/FileHandler.ashx?DocumentID=6353
-12894448.64,3919637.7,319,2006/02/01 00:00:00+00,Test Base 1,Near-shore,24,2,0,0,0,0, ,608813,3672196,http://www.nrm.dfg.ca.gov/FileHandler.ashx?DocumentID=6353
-12898906.83,3931692.064,320,2006/02/02 00:00:00+00,South Salton City 2,Near-shore,24,0,0,0,0,0, ,604971,3682198,http://www.nrm.dfg.ca.gov/FileHandler.ashx?DocumentID=6353
-12894448.64,3919637.7,321,2006/02/02 00:00:00+00,Test Base 2,Near-shore,24,0,0,0,0,0, ,608813,3672196,http://www.nrm.dfg.ca.gov/FileHandler.ashx?DocumentID=6353
-12870894.03,3935316.505,322,2006/04/07 00:00:00+00,North Wister 1,Near-shore,23.25,0,0,0,0,0, ,628368,3685497,http://www.nrm.dfg.ca.gov/FileHandler.ashx?DocumentID=6344
-12870894.03,3935316.505,323,2006/04/07 00:00:00+00,North Wister 2,Near-shore,23.25,0,0,0,0,0, ,628368,3685497,http://www.nrm.dfg.ca.gov/FileHandler.ashx?DocumentID=6344
-12886715.16,3942739.984,324,2006/04/07 00:00:00+00,The Cliffs 1,Near-shore,23.5,2,0,0,0,0, ,615062,3691509,http://www.nrm.dfg.ca.gov/FileHandler.ashx?DocumentID=6344
-12886715.16,3942739.984,325,2006/04/07 00:00:00+00,The Cliffs 2,Near-shore,23.25,3,0,0,0,0, ,615062,3691509,http://www.nrm.dfg.ca.gov/FileHandler.ashx?DocumentID=6344
-12918978.94,3962128.962,326,2006/04/12 00:00:00+00,Whitewater River 1,Estuarine,24,6,0,0,0,0, ,587948,3707343,http://www.nrm.dfg.ca.gov/FileHandler.ashx?DocumentID=6344
-12918978.94,3962128.962,327,2006/04/12 00:00:00+00,Whitewater River 2,Estuarine,24,3,0,0,0,0, ,587948,3707343,http://www.nrm.dfg.ca.gov/FileHandler.ashx?DocumentID=6344
-12917367.53,3952583.188,328,2006/04/13 00:00:00+00,North Desert Shores 1,Near-shore,24,9,0,0,0,0, ,589366,3699424,http://www.nrm.dfg.ca.gov/FileHandler.ashx?DocumentID=6344
-12917367.53,3952583.188,329,2006/04/13 00:00:00+00,North Desert Shores 2,Near-shore,24,7,0,0,0,0, ,589366,3699424,http://www.nrm.dfg.ca.gov/FileHandler.ashx?DocumentID=6344
-12898906.83,3931692.064,330,2006/04/14 00:00:00+00,South Salton City 1,Near-shore,23,1,0,0,0,0, ,604971,3682198,http://www.nrm.dfg.ca.gov/FileHandler.ashx?DocumentID=6344
-12898906.83,3931692.064,331,2006/04/14 00:00:00+00,South Salton City 2,Near-shore,23,0,0,0,0,0, ,604971,3682198,http://www.nrm.dfg.ca.gov/FileHandler.ashx?DocumentID=6344
-12908343.52,3941190.322,332,2006/04/14 00:00:00+00,The Dome 1,Near-shore,23,2,0,0,0,0, ,596997,3690022,http://www.nrm.dfg.ca.gov/FileHandler.ashx?DocumentID=6344
-12908343.52,3941190.322,333,2006/04/14 00:00:00+00,The Dome 2,Near-shore,23,5,0,0,0,0, ,596997,3690022,http://www.nrm.dfg.ca.gov/FileHandler.ashx?DocumentID=6344
-12895737.45,3952891.324,334,2006/04/20 00:00:00+00,Bat Caves 1,Near-shore,24.5,5,0,0,0,0, ,607427,3699864,http://www.nrm.dfg.ca.gov/FileHandler.ashx?DocumentID=6344
-12895737.45,3952891.324,335,2006/04/20 00:00:00+00,Bat Caves 2,Near-shore,24.25,28,0,0,0,0, ,607427,3699864,http://www.nrm.dfg.ca.gov/FileHandler.ashx?DocumentID=6344
-12906353.25,3964286.935,336,2006/04/20 00:00:00+00,North Shore 1,Near-shore,23.5,29,0,0,0,0, ,598465,3709237,http://www.nrm.dfg.ca.gov/FileHandler.ashx?DocumentID=6344
-12906353.25,3964286.935,337,2006/04/20 00:00:00+00,North Shore 2,Near-shore,23.25,18,0,0,0,0, ,598465,3709237,http://www.nrm.dfg.ca.gov/FileHandler.ashx?DocumentID=6344
-12870915.73,3923476.296,338,2006/04/25 00:00:00+00,Alamo River 1,Estuarine,23.75,6,0,0,0,0, ,628480,3675635,http://www.nrm.dfg.ca.gov/FileHandler.ashx?DocumentID=6344
-12870915.73,3923476.296,339,2006/04/25 00:00:00+00,Alamo River 2,Estuarine,23.75,9,0,0,0,0, ,628480,3675635,http://www.nrm.dfg.ca.gov/FileHandler.ashx?DocumentID=6344
-12879300.21,3913176.135,340,2006/04/28 00:00:00+00,New River 1,Estuarine,23,7,0,0,0,0, ,621567,3666958,http://www.nrm.dfg.ca.gov/FileHandler.ashx?DocumentID=6344
-12879300.21,3913176.135,341,2006/04/28 00:00:00+00,New River 2,Estuarine,23,10,0,0,0,0, ,621567,3666958,http://www.nrm.dfg.ca.gov/FileHandler.ashx?DocumentID=6344
-12894448.64,3919637.7,342,2006/05/03 00:00:00+00,Test Base 1,Near-shore,23.5,101,0,0,0,0, ,608813,3672196,http://www.nrm.dfg.ca.gov/FileHandler.ashx?DocumentID=6344
-12894448.64,3919637.7,343,2006/05/03 00:00:00+00,Test Base 2,Near-shore,23.5,61,0,0,0,0, ,608813,3672196,http://www.nrm.dfg.ca.gov/FileHandler.ashx?DocumentID=6344
-12918978.94,3962128.962,344,2006/07/07 00:00:00+00,Whitewater River,Estuarine,24,288,0,0,0,0, ,587948,3707343,http://www.nrm.dfg.ca.gov/FileHandler.ashx?DocumentID=6349
-12906353.25,3964286.935,345,2006/07/07 00:00:00+00,North Shore,Near-shore,23.75,537,0,0,0,0, ,598465,3709237,http://www.nrm.dfg.ca.gov/FileHandler.ashx?DocumentID=6349
-12870915.73,3923476.296,346,2006/07/08 00:00:00+00,Alamo River,Estuarine,23.75,46,0,0,0,0, ,628480,3675635,http://www.nrm.dfg.ca.gov/FileHandler.ashx?DocumentID=6349
-12870894.03,3935316.505,347,2006/07/08 00:00:00+00,North Wister,Near-shore,23.5,451,0,0,0,0, ,628368,3685497,http://www.nrm.dfg.ca.gov/FileHandler.ashx?DocumentID=6349
-12917367.53,3952583.188,348,2006/07/11 00:00:00+00,North Desert Shores,Near-shore,23.75,135,0,0,0,0, ,589366,3699424,http://www.nrm.dfg.ca.gov/FileHandler.ashx?DocumentID=6349
-12908343.52,3941190.322,349,2006/07/11 00:00:00+00,The Dome,Near-shore,23.75,120,0,0,0,0, ,596997,3690022,http://www.nrm.dfg.ca.gov/FileHandler.ashx?DocumentID=6349
-12895737.45,3952891.324,350,2006/07/13 00:00:00+00,Bat Caves,Near-shore,23.5,237,0,0,0,0, ,607427,3699864,http://www.nrm.dfg.ca.gov/FileHandler.ashx?DocumentID=6349
-12886715.16,3942739.984,351,2006/07/13 00:00:00+00,The Cliffs,Near-shore,24.75,244,0,0,0,0, ,615062,3691509,http://www.nrm.dfg.ca.gov/FileHandler.ashx?DocumentID=6349
-12898906.83,3931692.064,352,2006/07/20 00:00:00+00,South Salton City,Near-shore,24.25,48,0,0,0,0, ,604971,3682198,http://www.nrm.dfg.ca.gov/FileHandler.ashx?DocumentID=6349
-12894448.64,3919637.7,353,2006/07/20 00:00:00+00,Test Base,Near-shore,24,127,0,0,0,0, ,608813,3672196,http://www.nrm.dfg.ca.gov/FileHandler.ashx?DocumentID=6349
-12879300.21,3913176.135,354,2006/07/25 00:00:00+00,New River,Estuarine,25,208,0,0,0,0, ,621567,3666958,http://www.nrm.dfg.ca.gov/FileHandler.ashx?DocumentID=6349
-12870894.03,3935316.505,355,2006/10/11 00:00:00+00,North Wister 1,Near-shore,23.5,551,0,0,0,0, ,628368,3685497,http://www.nrm.dfg.ca.gov/FileHandler.ashx?DocumentID=6339
-12870894.03,3935316.505,356,2006/10/11 00:00:00+00,North Wister 2,Near-shore,23.5,655,0,0,0,0, ,628368,3685497,http://www.nrm.dfg.ca.gov/FileHandler.ashx?DocumentID=6339
-12918978.94,3962128.962,357,2006/10/13 00:00:00+00,Whitewater River 1,Estuarine,25,1104,0,0,0,0, ,587948,3707343,http://www.nrm.dfg.ca.gov/FileHandler.ashx?DocumentID=6339
-12918978.94,3962128.962,358,2006/10/13 00:00:00+00,Whitewater River 2,Estuarine,25.25,1120,0,0,0,0, ,587948,3707343,http://www.nrm.dfg.ca.gov/FileHandler.ashx?DocumentID=6339
-12879300.21,3913176.135,359,2006/10/19 00:00:00+00,New River 1,Estuarine,23.75,903,0,0,0,0, ,621567,3666958,http://www.nrm.dfg.ca.gov/FileHandler.ashx?DocumentID=6339
-12879300.21,3913176.135,360,2006/10/19 00:00:00+00,New River 2,Estuarine,23.75,666,0,0,0,0, ,621567,3666958,http://www.nrm.dfg.ca.gov/FileHandler.ashx?DocumentID=6339
-12906353.25,3964286.935,361,2006/10/25 00:00:00+00,North Shore 1,Near-shore,24,1052,1 Grebe,0,0,0, ,598465,3709237,http://www.nrm.dfg.ca.gov/FileHandler.ashx?DocumentID=6339
-12906353.25,3964286.935,362,2006/10/25 00:00:00+00,North Shore 2,Near-shore,24,1041,0,0,0,0, ,598465,3709237,http://www.nrm.dfg.ca.gov/FileHandler.ashx?DocumentID=6339
-12895737.45,3952891.324,363,2006/10/26 00:00:00+00,Bat Caves 2,Near-shore,25.5,619,0,0,0,0, ,607427,3699864,http://www.nrm.dfg.ca.gov/FileHandler.ashx?DocumentID=6339
-12870915.73,3923476.296,364,2006/10/27 00:00:00+00,Alamo River 1,Estuarine,24.25,152,0,0,0,0, ,628480,3675635,http://www.nrm.dfg.ca.gov/FileHandler.ashx?DocumentID=6339
-12870915.73,3923476.296,365,2006/10/28 00:00:00+00,Alamo River 2,Estuarine,24,290,0,0,0,0, ,628480,3675635,http://www.nrm.dfg.ca.gov/FileHandler.ashx?DocumentID=6339
-12895737.45,3952891.324,366,2006/10/29 00:00:00+00,Bat Caves 1,Near-shore,25.5,772,0,0,0,0, ,607427,3699864,http://www.nrm.dfg.ca.gov/FileHandler.ashx?DocumentID=6339
-12894448.64,3919637.7,367,2006/11/01 00:00:00+00,Test Base 1,Near-shore,24,819,0,0,0,0, ,608813,3672196,http://www.nrm.dfg.ca.gov/FileHandler.ashx?DocumentID=6339
-12894448.64,3919637.7,368,2006/11/01 00:00:00+00,Test Base 2,Near-shore,23.75,725,0,0,0,0, ,608813,3672196,http://www.nrm.dfg.ca.gov/FileHandler.ashx?DocumentID=6339
-12898906.83,3931692.064,369,2006/11/02 00:00:00+00,South Salton City 1,Near-shore,24.75,521,0,0,0,0, ,604971,3682198,http://www.nrm.dfg.ca.gov/FileHandler.ashx?DocumentID=6339
-12898906.83,3931692.064,370,2006/11/02 00:00:00+00,South Salton City 2,Near-shore,24.75,571,0,0,0,0, ,604971,3682198,http://www.nrm.dfg.ca.gov/FileHandler.ashx?DocumentID=6339
-12908343.52,3941190.322,371,2006/11/03 00:00:00+00,The Dome 1,Near-shore,25,688,0,0,0,0, ,596997,3690022,http://www.nrm.dfg.ca.gov/FileHandler.ashx?DocumentID=6339
-12908343.52,3941190.322,372,2006/11/03 00:00:00+00,The Dome 2,Near-shore,25,371,0,0,0,0, ,596997,3690022,http://www.nrm.dfg.ca.gov/FileHandler.ashx?DocumentID=6339
-12917367.53,3952583.188,373,2006/11/07 00:00:00+00,North Desert Shores 1,Near-shore,23.5,499,0,0,0,0, ,589366,3699424,http://www.nrm.dfg.ca.gov/FileHandler.ashx?DocumentID=6339
-12917367.53,3952583.188,374,2006/11/07 00:00:00+00,North Desert Shores 2,Near-shore,23.5,374,0,0,0,0, ,589366,3699424,http://www.nrm.dfg.ca.gov/FileHandler.ashx?DocumentID=6339
-12918978.94,3962128.962,375,2007/02/08 00:00:00+00,Whitewater River,Estuarine,48.5,863,0,0,0,0, ,587948,3707343,http://www.nrm.dfg.ca.gov/FileHandler.ashx?DocumentID=6354
-12917367.53,3952583.188,376,2007/02/08 00:00:00+00,North Desert Shores,Near-shore,48,178,0,0,0,0, ,589366,3699424,http://www.nrm.dfg.ca.gov/FileHandler.ashx?DocumentID=6354
-12908343.52,3941190.322,377,2007/02/09 00:00:00+00,The Dome,Near-shore,46.5,178,0,0,0,0, ,596997,3690022,http://www.nrm.dfg.ca.gov/FileHandler.ashx?DocumentID=6354
-12895737.45,3952891.324,378,2007/02/14 00:00:00+00,Bat Caves,Near-shore,48.5,197,0,0,0,0, ,607427,3699864,http://www.nrm.dfg.ca.gov/FileHandler.ashx?DocumentID=6354
-12906353.25,3964286.935,379,2007/02/14 00:00:00+00,North Shore,Near-shore,48.5,431,0,0,0,0, ,598465,3709237,http://www.nrm.dfg.ca.gov/FileHandler.ashx?DocumentID=6354
-12898906.83,3931692.064,380,2007/02/16 00:00:00+00,South Salton City,Near-shore,47.5,191,0,0,0,0, ,604971,3682198,http://www.nrm.dfg.ca.gov/FileHandler.ashx?DocumentID=6354
-12879300.21,3913176.135,381,2007/02/21 00:00:00+00,New River,Estuarine,47.75,113,0,0,0,0, ,621567,3666958,http://www.nrm.dfg.ca.gov/FileHandler.ashx?DocumentID=6354
-12894448.64,3919637.7,382,2007/02/21 00:00:00+00,Test Base,Near-shore,48,589,1 St. Bass,0,0,0, ,608813,3672196,http://www.nrm.dfg.ca.gov/FileHandler.ashx?DocumentID=6354
-12870915.73,3923476.296,383,2007/03/02 00:00:00+00,Alamo River,Estuarine,47,229,1 Shad,0,0,0, ,628480,3675635,http://www.nrm.dfg.ca.gov/FileHandler.ashx?DocumentID=6354
-12870894.03,3935316.505,384,2007/03/02 00:00:00+00,North Wister,Near-shore,47.5,15,0,0,0,0, ,628368,3685497,http://www.nrm.dfg.ca.gov/FileHandler.ashx?DocumentID=6354
-12886715.16,3942739.984,385,2007/03/02 00:00:00+00,The Cliffs,Near-shore,48.5,53,0,0,0,0, ,615062,3691509,http://www.nrm.dfg.ca.gov/FileHandler.ashx?DocumentID=6354
-12918978.94,3962128.962,386,2007/04/10 00:00:00+00,Whitewater River,Estuarine,48.5,2,0,0,0,0, ,587948,3707343,http://www.nrm.dfg.ca.gov/FileHandler.ashx?DocumentID=6345
-12906353.25,3964286.935,387,2007/04/11 00:00:00+00,North Shore,Near-shore,47,522,0,0,0,0, ,598465,3709237,http://www.nrm.dfg.ca.gov/FileHandler.ashx?DocumentID=6345
-12898906.83,3931692.064,388,2007/04/18 00:00:00+00,South Salton City,Near-shore,48.25,386,0,0,0,0, ,604971,3682198,http://www.nrm.dfg.ca.gov/FileHandler.ashx?DocumentID=6345
-12908343.52,3941190.322,389,2007/04/18 00:00:00+00,The Dome,Near-shore,48.5,551,0,0,0,0, ,596997,3690022,http://www.nrm.dfg.ca.gov/FileHandler.ashx?DocumentID=6345
-12879300.21,3913176.135,390,2007/04/25 00:00:00+00,New River,Estuarine,47,53,0,0,0,0, ,621567,3666958,http://www.nrm.dfg.ca.gov/FileHandler.ashx?DocumentID=6345
-12894448.64,3919637.7,391,2007/04/25 00:00:00+00,Test Base,Near-shore,46.5,174,0,0,0,0, ,608813,3672196,http://www.nrm.dfg.ca.gov/FileHandler.ashx?DocumentID=6345
-12917367.53,3952583.188,392,2007/04/27 00:00:00+00,North Desert Shores,Near-shore,48,447,0,0,0,0, ,589366,3699424,http://www.nrm.dfg.ca.gov/FileHandler.ashx?DocumentID=6345
-12895737.45,3952891.324,393,2007/05/02 00:00:00+00,Bat Caves,Near-shore,48,798,0,0,0,0, ,607427,3699864,http://www.nrm.dfg.ca.gov/FileHandler.ashx?DocumentID=6345
-12886715.16,3942739.984,394,2007/05/02 00:00:00+00,The Cliffs,Near-shore,48.5,749,0,0,0,0, ,615062,3691509,http://www.nrm.dfg.ca.gov/FileHandler.ashx?DocumentID=6345
-12870915.73,3923476.296,395,2007/05/08 00:00:00+00,Alamo River,Estuarine,49,79,0,0,0,0, ,628480,3675635,http://www.nrm.dfg.ca.gov/FileHandler.ashx?DocumentID=6345
-12870894.03,3935316.505,396,2007/05/08 00:00:00+00,North Wister,Near-shore,49,101,0,0,0,0, ,628368,3685497,http://www.nrm.dfg.ca.gov/FileHandler.ashx?DocumentID=6345
-12870915.73,3923476.296,397,2007/07/11 00:00:00+00,Alamo River,Estuarine,24.25,79,0,0,0,0, ,628480,3675635,http://www.nrm.dfg.ca.gov/FileHandler.ashx?DocumentID=6350
-12870894.03,3935316.505,398,2007/07/12 00:00:00+00,North Wister,Near-shore,24,697,0,0,0,0, ,628368,3685497,http://www.nrm.dfg.ca.gov/FileHandler.ashx?DocumentID=6350
-12886715.16,3942739.984,399,2007/07/13 00:00:00+00,The Cliffs,Near-shore,24.25,1786,"1 Pupfish, 1 Shad",0,0,0, ,615062,3691509,http://www.nrm.dfg.ca.gov/FileHandler.ashx?DocumentID=6350
-12895737.45,3952891.324,400,2007/07/18 00:00:00+00,Bat Caves,Near-shore,24.5,585,1 Shad,0,0,0, ,607427,3699864,http://www.nrm.dfg.ca.gov/FileHandler.ashx?DocumentID=6350
-12906353.25,3964286.935,401,2007/07/19 00:00:00+00,North Shore,Near-shore,24,585,0,0,0,0, ,598465,3709237,http://www.nrm.dfg.ca.gov/FileHandler.ashx?DocumentID=6350
-12918978.94,3962128.962,402,2007/07/20 00:00:00+00,Whitewater River,Estuarine,24,558,0,0,0,0, ,587948,3707343,http://www.nrm.dfg.ca.gov/FileHandler.ashx?DocumentID=6350
-12917367.53,3952583.188,403,2007/07/24 00:00:00+00,North Desert Shores,Near-shore,24.25,684,0,0,0,0, ,589366,3699424,http://www.nrm.dfg.ca.gov/FileHandler.ashx?DocumentID=6350
-12908343.52,3941190.322,404,2007/07/25 00:00:00+00,The Dome,Near-shore,24.5,165,0,0,0,0, ,596997,3690022,http://www.nrm.dfg.ca.gov/FileHandler.ashx?DocumentID=6350
-12898906.83,3931692.064,405,2007/07/26 00:00:00+00,South Salton City,Near-shore,24,2004,0,0,0,0, ,604971,3682198,http://www.nrm.dfg.ca.gov/FileHandler.ashx?DocumentID=6350
-12879300.21,3913176.135,406,2007/07/31 00:00:00+00,New River,Estuarine,23.75,13,0,0,0,0, ,621567,3666958,http://www.nrm.dfg.ca.gov/FileHandler.ashx?DocumentID=6350
-12894448.64,3919637.7,407,2007/08/01 00:00:00+00,Test Base,Near-shore,24,299,0,0,0,0, ,608813,3672196,http://www.nrm.dfg.ca.gov/FileHandler.ashx?DocumentID=6350
-12886715.16,3942739.984,408,2007/10/11 00:00:00+00,The Cliffs 1,Near-shore,23.5,687,0,0,0,0, ,615062,3691509,http://www.nrm.dfg.ca.gov/FileHandler.ashx?DocumentID=6340
-12886715.16,3942739.984,409,2007/10/11 00:00:00+00,The Cliffs 2,Near-shore,23.5,693,0,0,0,0, ,615062,3691509,http://www.nrm.dfg.ca.gov/FileHandler.ashx?DocumentID=6340